{
	"credit": "Made with Blockbench by EnderLanky",
	"texture_size": [64, 64],
	"textures": {
		"0": "adpother:item/gold_vacuum_bag",
		"particle": "adpother:item/gold_vacuum_bag"
	},
	"elements": [
		{
			"from": [3.9, -2.1, 5.9],
			"to": [12.1, 8.1, 10.1],
			"faces": {
				"north": {"uv": [1, 1, 3, 3.5], "texture": "#0"},
				"east": {"uv": [0, 1, 1, 3.5], "texture": "#0"},
				"south": {"uv": [4, 1, 6, 3.5], "texture": "#0"},
				"west": {"uv": [3, 1, 4, 3.5], "texture": "#0"},
				"up": {"uv": [3, 1, 1, 0], "texture": "#0"},
				"down": {"uv": [5, 0, 3, 1], "texture": "#0"}
			}
		},
		{
			"from": [3.9, -2.1, 5.9],
			"to": [12.1, 8.1, 10.1],
			"faces": {
				"north": {"uv": [1, 1, 3, 3.5], "texture": "#0"},
				"east": {"uv": [0, 1, 1, 3.5], "texture": "#0"},
				"south": {"uv": [4, 1, 6, 3.5], "texture": "#0"},
				"west": {"uv": [3, 1, 4, 3.5], "texture": "#0"},
				"up": {"uv": [3, 1, 1, 0], "texture": "#0"},
				"down": {"uv": [5, 0, 3, 1], "texture": "#0"}
			}
		},
		{
			"from": [9.75, -3.25, 11.75],
			"to": [11.75, 7.75, 11.75],
			"rotation": {"angle": -22.5, "axis": "x", "origin": [11.5, 3, 12]},
			"faces": {
				"north": {"uv": [6.25, 0, 6.75, 2.75], "texture": "#0"},
				"east": {"uv": [6.25, 0, 6.25, 2.75], "texture": "#0"},
				"south": {"uv": [6.75, 0, 7.25, 2.75], "texture": "#0"},
				"west": {"uv": [6.75, 0, 6.75, 2.75], "texture": "#0"},
				"up": {"uv": [6.75, 0, 6.25, 0], "texture": "#0"},
				"down": {"uv": [7.25, 0, 6.75, 0], "texture": "#0"}
			}
		},
		{
			"from": [2.7, -5.6, 9.9],
			"to": [12.9, -1.4, 14.1],
			"rotation": {"angle": -22.5, "axis": "z", "origin": [8, -1, 12]},
			"faces": {
				"north": {"uv": [1, 7, 3.5, 8], "texture": "#0"},
				"east": {"uv": [0, 7, 1, 8], "texture": "#0"},
				"south": {"uv": [4.5, 7, 7, 8], "texture": "#0"},
				"west": {"uv": [3.5, 7, 4.5, 8], "texture": "#0"},
				"up": {"uv": [3.5, 7, 1, 6], "texture": "#0"},
				"down": {"uv": [6, 6, 3.5, 7], "texture": "#0"}
			}
		},
		{
			"name": "wool",
			"from": [2.6, -5.7, 9.8],
			"to": [13, -1.3, 14.2],
			"rotation": {"angle": -22.5, "axis": "z", "origin": [8, -1, 12]},
			"faces": {
				"north": {"uv": [1, 4.75, 3.5, 5.75], "texture": "#0"},
				"east": {"uv": [0, 4.75, 1, 5.75], "texture": "#0"},
				"south": {"uv": [4.5, 4.75, 7, 5.75], "texture": "#0"},
				"west": {"uv": [3.5, 4.75, 4.5, 5.75], "texture": "#0"},
				"up": {"uv": [3.5, 4.75, 1, 3.75], "texture": "#0"},
				"down": {"uv": [6, 3.75, 3.5, 4.75], "texture": "#0"}
			}
		},
		{
			"from": [12.8, -4.5, 11],
			"to": [14.8, -2.5, 13],
			"rotation": {"angle": -22.5, "axis": "z", "origin": [8, -1, 12]},
			"faces": {
				"north": {"uv": [6.75, 3.5, 7.25, 4], "texture": "#0"},
				"east": {"uv": [6.25, 3.5, 6.75, 4], "texture": "#0"},
				"south": {"uv": [7.75, 3.5, 8.25, 4], "texture": "#0"},
				"west": {"uv": [7.25, 3.5, 7.75, 4], "texture": "#0"},
				"up": {"uv": [7.25, 3.5, 6.75, 3], "texture": "#0"},
				"down": {"uv": [7.75, 3, 7.25, 3.5], "texture": "#0"}
			}
		},
		{
			"from": [12.7, -4.6, 10.9],
			"to": [14.9, -2.4, 13.1],
			"rotation": {"angle": -22.5, "axis": "z", "origin": [8, -1, 12]},
			"faces": {
				"north": {"uv": [8.75, 3.5, 9.25, 4], "texture": "#0"},
				"east": {"uv": [8.25, 3.5, 8.75, 4], "texture": "#0"},
				"south": {"uv": [9.75, 3.5, 10.25, 4], "texture": "#0"},
				"west": {"uv": [9.25, 3.5, 9.75, 4], "texture": "#0"},
				"up": {"uv": [9.25, 3.5, 8.75, 3], "texture": "#0"},
				"down": {"uv": [9.75, 3, 9.25, 3.5], "texture": "#0"}
			}
		}
	],
	"gui_light": "front",
	"display": {
		"thirdperson_righthand": {
			"rotation": [-130.75, 37.5, -166.51],
			"translation": [2, -2, 2.75]
		},
		"thirdperson_lefthand": {
			"rotation": [-130.75, 37.5, 166.51],
			"translation": [-2, 0.75, 1]
		},
		"firstperson_righthand": {
			"rotation": [-15, -21, 180],
			"translation": [1.5, -10.25, -4.5]
		},
		"firstperson_lefthand": {
			"rotation": [-15, -21, 180],
			"translation": [1.5, -10.25, -4.5]
		},
		"ground": {
			"translation": [0, 10, 0]
		},
		"gui": {
			"rotation": [0, -39, 0],
			"translation": [3, 8.5, 0],
			"scale": [1.2, 1.2, 1.2]
		},
		"head": {
			"translation": [0, -6.5, 0],
			"scale": [1.8, 1.8, 1.8]
		},
		"fixed": {
			"rotation": [0, 180, 0],
			"translation": [0, 7.25, 0]
		}
	}
}