{
	"credit": "Made with Blockbench by EnderLanky",
	"texture_size": [64, 64],
	"textures": {
		"0": "adpother:item/iron_respirator",
		"particle": "adpother:item/iron_respirator"
	},
	"elements": [
		{
			"from": [3.9, 1.9, 4.9],
			"to": [12.1, 10.1, 7.1],
			"rotation": {"angle": 0, "axis": "y", "origin": [8, 4.65328, 6.2706]},
			"faces": {
				"north": {"uv": [0.5, 3, 2.5, 5], "texture": "#0"},
				"east": {"uv": [0, 3, 0.5, 5], "texture": "#0"},
				"south": {"uv": [3, 3, 5, 5], "texture": "#0"},
				"west": {"uv": [2.5, 3, 3, 5], "texture": "#0"},
				"up": {"uv": [2.5, 3, 0.5, 2.5], "texture": "#0"},
				"down": {"uv": [4.5, 2.5, 2.5, 3], "texture": "#0"}
			}
		},
		{
			"from": [3.8, 4.69105, 5.91626],
			"to": [12.2, 6.09105, 14.31626],
			"rotation": {"angle": -22.5, "axis": "x", "origin": [8, 4.65328, 6.2706]},
			"faces": {
				"north": {"uv": [2, 2, 4, 2.25], "texture": "#0"},
				"east": {"uv": [0, 2, 2, 2.25], "texture": "#0"},
				"south": {"uv": [6, 2, 8, 2.25], "texture": "#0"},
				"west": {"uv": [4, 2, 6, 2.25], "texture": "#0"},
				"up": {"uv": [4, 2, 2, 0], "texture": "#0"},
				"down": {"uv": [6, 0, 4, 2], "texture": "#0"}
			}
		},
		{
			"from": [4, 1, 2],
			"to": [7, 4, 4],
			"rotation": {"angle": 0, "axis": "y", "origin": [5.5, 1.5, 3]},
			"faces": {
				"north": {"uv": [0.5, 8, 1.25, 8.75], "texture": "#0"},
				"east": {"uv": [0, 8, 0.5, 8.75], "texture": "#0"},
				"south": {"uv": [1.75, 8, 2.5, 8.75], "texture": "#0"},
				"west": {"uv": [1.25, 8, 1.75, 8.75], "texture": "#0"},
				"up": {"uv": [1.25, 8, 0.5, 7.5], "texture": "#0"},
				"down": {"uv": [2, 7.5, 1.25, 8], "texture": "#0"}
			}
		},
		{
			"from": [6, 2.03283, 2.34881],
			"to": [10, 5.03283, 5.34881],
			"rotation": {"angle": -22.5, "axis": "x", "origin": [8, 4.65328, 6.2706]},
			"faces": {
				"north": {"uv": [5.25, 5.25, 6.25, 6], "texture": "#0"},
				"east": {"uv": [4.5, 5.25, 5.25, 6], "texture": "#0"},
				"south": {"uv": [7, 5.25, 8, 6], "texture": "#0"},
				"west": {"uv": [6.25, 5.25, 7, 6], "texture": "#0"},
				"up": {"uv": [6.25, 5.25, 5.25, 4.5], "texture": "#0"},
				"down": {"uv": [7.25, 4.5, 6.25, 5.25], "texture": "#0"}
			}
		},
		{
			"from": [9, 1, 2],
			"to": [12, 4, 4],
			"rotation": {"angle": 0, "axis": "y", "origin": [10.5, 1.5, 3]},
			"faces": {
				"north": {"uv": [6.25, 6.75, 7, 7.5], "texture": "#0"},
				"east": {"uv": [5.75, 6.75, 6.25, 7.5], "texture": "#0"},
				"south": {"uv": [7.5, 6.75, 8.25, 7.5], "texture": "#0"},
				"west": {"uv": [7, 6.75, 7.5, 7.5], "texture": "#0"},
				"up": {"uv": [7, 6.75, 6.25, 6.25], "texture": "#0"},
				"down": {"uv": [7.75, 6.25, 7, 6.75], "texture": "#0"}
			}
		},
		{
			"from": [7.94078, 5, 1.36837],
			"to": [10.94078, 8, 5.36837],
			"rotation": {"angle": -22.5, "axis": "y", "origin": [8, 4.65328, 5.2706]},
			"faces": {
				"north": {"uv": [3.25, 7, 4, 7.75], "texture": "#0"},
				"east": {"uv": [2.25, 7, 3.25, 7.75], "texture": "#0"},
				"south": {"uv": [5, 7, 5.75, 7.75], "texture": "#0"},
				"west": {"uv": [4, 7, 5, 7.75], "texture": "#0"},
				"up": {"uv": [4, 7, 3.25, 6], "texture": "#0"},
				"down": {"uv": [4.75, 6, 4, 7], "texture": "#0"}
			}
		},
		{
			"from": [5.05922, 5, 1.21613],
			"to": [8.05922, 8, 5.21613],
			"rotation": {"angle": 22.5, "axis": "y", "origin": [8, 4.65328, 5.2706]},
			"faces": {
				"north": {"uv": [7.25, 1, 8, 1.75], "texture": "#0"},
				"east": {"uv": [6.25, 1, 7.25, 1.75], "texture": "#0"},
				"south": {"uv": [9, 1, 9.75, 1.75], "texture": "#0"},
				"west": {"uv": [8, 1, 9, 1.75], "texture": "#0"},
				"up": {"uv": [8, 1, 7.25, 0], "texture": "#0"},
				"down": {"uv": [8.75, 0, 8, 1], "texture": "#0"}
			}
		},
		{
			"name": "topglass",
			"from": [7.84078, 4.9, 1.26837],
			"to": [11.04078, 8.1, 4.46837],
			"rotation": {"angle": -22.5, "axis": "y", "origin": [8, 4.65328, 5.2706]},
			"faces": {
				"north": {"uv": [6, 3.25, 6.75, 4], "texture": "#0"},
				"east": {"uv": [5.25, 3.25, 6, 4], "texture": "#0"},
				"south": {"uv": [7.5, 3.25, 8.25, 4], "texture": "#0"},
				"west": {"uv": [6.75, 3.25, 7.5, 4], "texture": "#0"},
				"up": {"uv": [6.75, 3.25, 6, 2.5], "texture": "#0"},
				"down": {"uv": [7.5, 2.5, 6.75, 3.25], "texture": "#0"}
			}
		},
		{
			"name": "topglass",
			"from": [4.95922, 4.9, 1.11613],
			"to": [8.15922, 8.1, 4.31613],
			"rotation": {"angle": 22.5, "axis": "y", "origin": [8, 4.65328, 5.2706]},
			"faces": {
				"north": {"uv": [0.75, 6, 1.5, 6.75], "texture": "#0"},
				"east": {"uv": [0, 6, 0.75, 6.75], "texture": "#0"},
				"south": {"uv": [2.25, 6, 3, 6.75], "texture": "#0"},
				"west": {"uv": [1.5, 6, 2.25, 6.75], "texture": "#0"},
				"up": {"uv": [1.5, 6, 0.75, 5.25], "texture": "#0"},
				"down": {"uv": [2.25, 5.25, 1.5, 6], "texture": "#0"}
			}
		}
	],
	"gui_light": "front",
	"display": {
		"thirdperson_righthand": {
			"rotation": [45.83, 8.84, 29.69],
			"translation": [-0.25, -0.5, 0.75]
		},
		"thirdperson_lefthand": {
			"rotation": [67.5, 2, 7.5],
			"translation": [-0.25, -1, 0]
		},
		"ground": {
			"translation": [0, 3.25, 0]
		},
		"gui": {
			"rotation": [0, 150, 0],
			"translation": [0, 3.5, 0],
			"scale": [1.5, 1.5, 1.5]
		},
		"head": {
			"translation": [0, 3.5, -2],
			"scale": [1.8, 1.8, 1.8]
		},
		"fixed": {
			"translation": [0, 4.5, 0],
			"scale": [2, 2, 2]
		}
	},
	"groups": [
		{
			"name": "group",
			"origin": [5.5, 4.5, 4],
			"color": 0,
			"children": [0, 1, 2, 3, 4, 5, 6, 7, 8]
		}
	]
}