{
	"credit": "Made with Blockbench by EnderLanky",
	"gui_light": "front",
	"textures": {
		"0": "block/glass",
		"1": "block/acacia_log_top",
		"2": "block/oak_log",
		"3": "block/hopper_inside",
		"particle": "block/acacia_log_top"
	},
	"elements": [
		{
			"name": "center",
			"from": [7, 7, 6],
			"to": [9, 9, 9],
			"faces": {
				"north": {"uv": [7, 7, 9, 9], "texture": "#1"},
				"east": {"uv": [10, 9, 7, 7], "texture": "#1"},
				"south": {"uv": [7, 7, 9, 9], "texture": "#1"},
				"west": {"uv": [6, 7, 9, 9], "texture": "#1"},
				"up": {"uv": [7, 6, 9, 9], "texture": "#1"},
				"down": {"uv": [7, 7, 9, 10], "texture": "#1"}
			}
		},
		{
			"from": [1, 7, 6],
			"to": [2, 12, 9],
			"faces": {
				"north": {"uv": [14, 4, 15, 9], "texture": "#1"},
				"east": {"uv": [7, 4, 10, 9], "texture": "#1"},
				"south": {"uv": [1, 4, 2, 9], "texture": "#1"},
				"west": {"uv": [6, 4, 9, 9], "texture": "#1"},
				"up": {"uv": [1, 6, 2, 9], "texture": "#1"},
				"down": {"uv": [1, 7, 2, 10], "texture": "#1"}
			}
		},
		{
			"from": [5, 14, 6],
			"to": [11, 15, 9],
			"faces": {
				"north": {"uv": [5, 1, 11, 2], "texture": "#1"},
				"south": {"uv": [5, 1, 11, 2], "texture": "#1"},
				"down": {"uv": [5, 7, 11, 10], "texture": "#1"}
			}
		},
		{
			"from": [11, 13, 6],
			"to": [12, 15, 9],
			"faces": {
				"north": {"uv": [4, 1, 5, 3], "texture": "#1"},
				"east": {"uv": [7, 1, 10, 3], "texture": "#1"},
				"south": {"uv": [11, 1, 12, 3], "texture": "#1"},
				"west": {"uv": [6, 1, 9, 3], "texture": "#1"},
				"up": {"uv": [11, 6, 12, 9], "texture": "#1"},
				"down": {"uv": [11, 7, 12, 10], "texture": "#1"}
			}
		},
		{
			"from": [4, 13, 6],
			"to": [5, 15, 9],
			"faces": {
				"north": {"uv": [11, 1, 12, 3], "texture": "#1"},
				"east": {"uv": [7, 1, 10, 3], "texture": "#1"},
				"south": {"uv": [4, 1, 5, 3], "texture": "#1"},
				"west": {"uv": [6, 1, 9, 3], "texture": "#1"},
				"up": {"uv": [4, 6, 5, 9], "texture": "#1"},
				"down": {"uv": [4, 7, 5, 10], "texture": "#1"}
			}
		},
		{
			"from": [3, 12, 6],
			"to": [4, 14, 9],
			"faces": {
				"north": {"uv": [12, 2, 13, 4], "texture": "#1"},
				"east": {"uv": [7, 2, 10, 4], "texture": "#1"},
				"south": {"uv": [3, 2, 4, 4], "texture": "#1"},
				"west": {"uv": [6, 2, 9, 4], "texture": "#1"},
				"up": {"uv": [3, 6, 4, 9], "texture": "#1"},
				"down": {"uv": [3, 7, 4, 10], "texture": "#1"}
			}
		},
		{
			"from": [14, 12, 7],
			"to": [15, 13, 8],
			"faces": {
				"north": {"uv": [1, 3, 2, 4], "texture": "#1"},
				"east": {"uv": [8, 3, 9, 4], "texture": "#1"},
				"south": {"uv": [14, 3, 15, 4], "texture": "#1"},
				"up": {"uv": [14, 7, 15, 8], "texture": "#1"}
			}
		},
		{
			"from": [1, 12, 7],
			"to": [2, 13, 8],
			"faces": {
				"north": {"uv": [14, 3, 15, 4], "texture": "#1"},
				"south": {"uv": [1, 3, 2, 4], "texture": "#1"},
				"west": {"uv": [7, 3, 8, 4], "texture": "#1"},
				"up": {"uv": [1, 7, 2, 8], "texture": "#1"}
			}
		},
		{
			"from": [2, 11, 6],
			"to": [3, 13, 9],
			"faces": {
				"north": {"uv": [13, 3, 14, 5], "texture": "#1"},
				"east": {"uv": [7, 3, 10, 5], "texture": "#1"},
				"south": {"uv": [2, 3, 3, 5], "texture": "#1"},
				"west": {"uv": [6, 3, 9, 5], "texture": "#1"},
				"up": {"uv": [2, 6, 3, 9], "texture": "#1"},
				"down": {"uv": [2, 7, 3, 10], "texture": "#1"}
			}
		},
		{
			"from": [14, 7, 6],
			"to": [15, 12, 9],
			"faces": {
				"north": {"uv": [1, 4, 2, 9], "texture": "#1"},
				"east": {"uv": [7, 4, 10, 9], "texture": "#1"},
				"south": {"uv": [14, 4, 15, 9], "texture": "#1"},
				"west": {"uv": [6, 4, 9, 9], "texture": "#1"},
				"up": {"uv": [14, 6, 15, 9], "texture": "#1"},
				"down": {"uv": [14, 7, 15, 10], "texture": "#1"}
			}
		},
		{
			"from": [15, 6, 6],
			"to": [16, 11, 9],
			"faces": {
				"north": {"uv": [0, 5, 1, 10], "texture": "#1"},
				"east": {"uv": [7, 5, 10, 10], "texture": "#1"},
				"south": {"uv": [15, 5, 16, 10], "texture": "#1"},
				"up": {"uv": [15, 6, 16, 9], "texture": "#1"},
				"down": {"uv": [15, 7, 16, 10], "texture": "#1"}
			}
		},
		{
			"from": [13, 11, 6],
			"to": [14, 13, 9],
			"faces": {
				"north": {"uv": [2, 3, 3, 5], "texture": "#1"},
				"east": {"uv": [7, 3, 10, 5], "texture": "#1"},
				"south": {"uv": [13, 3, 14, 5], "texture": "#1"},
				"west": {"uv": [6, 3, 9, 5], "texture": "#1"},
				"up": {"uv": [13, 6, 14, 9], "texture": "#1"},
				"down": {"uv": [13, 7, 14, 10], "texture": "#1"}
			}
		},
		{
			"from": [12, 12, 6],
			"to": [13, 14, 9],
			"faces": {
				"north": {"uv": [3, 2, 4, 4], "texture": "#1"},
				"east": {"uv": [7, 2, 10, 4], "texture": "#1"},
				"south": {"uv": [12, 2, 13, 4], "texture": "#1"},
				"west": {"uv": [6, 2, 9, 4], "texture": "#1"},
				"up": {"uv": [12, 6, 13, 9], "texture": "#1"},
				"down": {"uv": [12, 7, 13, 10], "texture": "#1"}
			}
		},
		{
			"from": [0, 6, 6],
			"to": [1, 11, 9],
			"faces": {
				"north": {"uv": [15, 5, 16, 10], "texture": "#1"},
				"south": {"uv": [0, 5, 1, 10], "texture": "#1"},
				"west": {"uv": [6, 5, 9, 10], "texture": "#1"},
				"up": {"uv": [0, 6, 1, 9], "texture": "#1"},
				"down": {"uv": [0, 7, 1, 10], "texture": "#1"}
			}
		},
		{
			"from": [5, 15, 6],
			"to": [11, 16, 9],
			"faces": {
				"north": {"uv": [5, 0, 11, 1], "texture": "#1"},
				"east": {"uv": [7, 0, 10, 1], "texture": "#1"},
				"south": {"uv": [5, 0, 11, 1], "texture": "#1"},
				"west": {"uv": [6, 0, 9, 1], "texture": "#1"},
				"up": {"uv": [5, 6, 11, 9], "texture": "#1"}
			}
		},
		{
			"from": [16, 7, 7],
			"to": [17, 9, 8],
			"faces": {
				"north": {"uv": [0, 0, 1, 2], "texture": "#1"},
				"east": {"uv": [0, 0, 1, 2], "texture": "#1"},
				"south": {"uv": [0, 0, 1, 2], "texture": "#1"},
				"west": {"uv": [0, 0, 1, 2], "texture": "#1"},
				"up": {"uv": [0, 0, 1, 1], "texture": "#1"},
				"down": {"uv": [0, 0, 1, 1], "texture": "#1"}
			}
		},
		{
			"from": [-1, 7, 7],
			"to": [0, 9, 8],
			"faces": {
				"north": {"uv": [0, 0, 1, 2], "texture": "#1"},
				"east": {"uv": [0, 0, 1, 2], "texture": "#1"},
				"south": {"uv": [0, 0, 1, 2], "texture": "#1"},
				"west": {"uv": [0, 0, 1, 2], "texture": "#1"},
				"up": {"uv": [0, 0, 1, 1], "texture": "#1"},
				"down": {"uv": [0, 0, 1, 1], "texture": "#1"}
			}
		},
		{
			"from": [7, 16, 7],
			"to": [9, 17, 8],
			"faces": {
				"north": {"uv": [0, 0, 2, 1], "texture": "#1"},
				"east": {"uv": [0, 0, 1, 1], "texture": "#1"},
				"south": {"uv": [0, 0, 2, 1], "texture": "#1"},
				"west": {"uv": [0, 0, 1, 1], "texture": "#1"},
				"up": {"uv": [0, 0, 2, 1], "texture": "#1"},
				"down": {"uv": [0, 0, 2, 1], "texture": "#1"}
			}
		},
		{
			"from": [1, 5, 6],
			"to": [15, 7, 9],
			"faces": {
				"north": {"uv": [1, 9, 15, 11], "texture": "#1"},
				"east": {"uv": [10, 11, 7, 9], "texture": "#1"},
				"south": {"uv": [1, 9, 15, 11], "texture": "#1"},
				"west": {"uv": [6, 9, 9, 11], "texture": "#1"},
				"up": {"uv": [1, 6, 15, 9], "texture": "#1", "cullface": "down"},
				"down": {"uv": [1, 7, 15, 10], "texture": "#1"}
			}
		},
		{
			"from": [11, 4, 7],
			"to": [12, 5, 8],
			"faces": {
				"north": {"uv": [4, 11, 5, 12], "texture": "#1"},
				"east": {"uv": [8, 11, 9, 12], "texture": "#1"},
				"south": {"uv": [11, 11, 12, 12], "texture": "#1"},
				"up": {"uv": [11, 7, 12, 8], "texture": "#1"}
			}
		},
		{
			"from": [13, 4, 7],
			"to": [14, 5, 8],
			"faces": {
				"north": {"uv": [2, 11, 3, 12], "texture": "#1"},
				"east": {"uv": [8, 11, 9, 12], "texture": "#1"},
				"south": {"uv": [13, 11, 14, 12], "texture": "#1"},
				"up": {"uv": [13, 7, 14, 8], "texture": "#1"}
			}
		},
		{
			"from": [4, 4, 7],
			"to": [5, 5, 8],
			"faces": {
				"north": {"uv": [11, 11, 12, 12], "texture": "#1"},
				"east": {"uv": [8, 11, 9, 12], "texture": "#1"},
				"south": {"uv": [4, 11, 5, 12], "texture": "#1"},
				"up": {"uv": [4, 7, 5, 8], "texture": "#1"}
			}
		},
		{
			"from": [2, 4, 7],
			"to": [3, 5, 8],
			"faces": {
				"north": {"uv": [13, 11, 14, 12], "texture": "#1"},
				"east": {"uv": [8, 11, 9, 12], "texture": "#1"},
				"south": {"uv": [2, 11, 3, 12], "texture": "#1"},
				"up": {"uv": [2, 7, 3, 8], "texture": "#1"}
			}
		},
		{
			"from": [1, 12, 7],
			"to": [3, 16, 8],
			"rotation": {"angle": 45, "axis": "z", "origin": [2, 14.5, 7.5]},
			"faces": {
				"north": {"uv": [13, 0, 15, 4], "texture": "#3"},
				"east": {"uv": [9, 4, 8, 0], "texture": "#3"},
				"south": {"uv": [1, 0, 3, 4], "texture": "#3"},
				"west": {"uv": [7, 0, 8, 4], "texture": "#3"},
				"up": {"uv": [1, 7, 3, 8], "texture": "#3"},
				"down": {"uv": [1, 8, 3, 9], "texture": "#3"}
			}
		},
		{
			"from": [13, 12, 7],
			"to": [15, 16, 8],
			"rotation": {"angle": -45, "axis": "z", "origin": [14, 14.5, 7.5]},
			"faces": {
				"north": {"uv": [13, 0, 15, 4], "texture": "#3"},
				"east": {"uv": [9, 4, 8, 0], "texture": "#3"},
				"south": {"uv": [1, 0, 3, 4], "texture": "#3"},
				"west": {"uv": [7, 0, 8, 4], "texture": "#3"},
				"up": {"uv": [1, 7, 3, 8], "texture": "#3"},
				"down": {"uv": [1, 8, 3, 9], "texture": "#3"}
			}
		},
		{
			"from": [5, 7, 7],
			"to": [11, 14, 8],
			"faces": {
				"north": {"uv": [5, 2, 11, 9], "texture": "#0"},
				"south": {"uv": [5, 2, 11, 9], "texture": "#0"}
			}
		},
		{
			"from": [2, 7, 7],
			"to": [5, 13, 8],
			"faces": {
				"north": {"uv": [5, 2, 11, 9], "texture": "#0"},
				"south": {"uv": [5, 2, 11, 9], "texture": "#0"}
			}
		},
		{
			"from": [11, 7, 7],
			"to": [14, 13, 8],
			"faces": {
				"north": {"uv": [5, 2, 11, 9], "texture": "#0"},
				"south": {"uv": [5, 2, 11, 9], "texture": "#0"}
			}
		},
		{
			"name": "handle",
			"from": [6, -1, 6],
			"to": [10, 5, 9],
			"faces": {
				"north": {"uv": [7, 11, 9, 16], "texture": "#2"},
				"east": {"uv": [9, 16, 7, 11], "texture": "#2"},
				"south": {"uv": [7, 11, 9, 16], "texture": "#2"},
				"west": {"uv": [7, 11, 9, 16], "texture": "#2"},
				"up": {"uv": [7, 7, 9, 9], "texture": "#2"},
				"down": {"uv": [7, 7, 9, 9], "texture": "#2"}
			}
		}
	],
	"display": {
		"thirdperson_righthand": {
			"scale": [0.55, 0.55, 0.55],
			"translation": [0, 2, 1]
		},
		"thirdperson_lefthand": {
			"scale": [0.55, 0.55, 0.55],
			"translation": [0, 2, 1]
		},
		"firstperson_righthand": {
			"scale": [0.55, 0.55, 0.55],
			"rotation": [-45, -25, 0],
			"translation": [1.13, 2, 0]
		},
		"firstperson_lefthand": {
			"scale": [0.55, 0.55, 0.55],
			"translation": [1.13, 2, 0],
			"rotation": [-45, -25, 0]
		},
		"ground": {
			"scale": [0.5, 0.5, 0.5],
			"translation": [0, 4, 0],
			"rotation": [0, 0, 0]
		},
		"gui": {
			"scale": [0.8, 0.8, 0.8],
			"translation": [0, 0, 0]
		},
		"fixed": {
			"translation": [0, 0, -1.5]
		},
		"head": {
			"translation": [0, 8.5, 0],
			"rotation": [90, 180, 180]
		}
	},
	"groups": [
		{
			"name": "body",
			"isOpen": true,
			"shade": true,
			"display": {
				"visibility": true,
				"autouv": 2
			},
			"children": [0, 1, 2, 3, 4, 5, 6, 7, 8, 9, 10, 11, 12, 13, 14, 15, 16, 17, 18, 19, 20, 21, 22]
		},
		{
			"name": "lamps",
			"isOpen": true,
			"shade": true,
			"display": {
				"visibility": true,
				"autouv": true
			},
			"children": [23, 24]
		},
		{
			"name": "glass",
			"isOpen": true,
			"shade": true,
			"display": {
				"visibility": true,
				"autouv": true
			},
			"children": [25, 26, 27]
		},
		{
			"name": "wood",
			"isOpen": true,
			"shade": true,
			"display": {
				"visibility": true,
				"autouv": true
			},
			"children": [28]
		}
	]
}