{
	"credit": "Made with Blockbench by EnderLanky",
	"texture_size": [64, 64],
	"textures": {
		"0": "adpother:item/vacuum_tube",
		"particle": "adpother:item/vacuum_tube"
	},
	"elements": [
		{
			"name": "tube",
			"from": [6, 3, 7],
			"to": [10, 5, 16],
			"faces": {
				"north": {"uv": [7.25, 7, 8.25, 7.5], "texture": "#0"},
				"east": {"uv": [5, 7, 7.25, 7.5], "texture": "#0"},
				"south": {"uv": [10.5, 7, 11.5, 7.5], "texture": "#0"},
				"west": {"uv": [8.25, 7, 10.5, 7.5], "texture": "#0"},
				"up": {"uv": [8.25, 7, 7.25, 4.75], "texture": "#0"},
				"down": {"uv": [9.25, 4.75, 8.25, 7], "texture": "#0"}
			}
		},
		{
			"name": "tube",
			"from": [5.9, 2.9, 6.9],
			"to": [10.1, 5.1, 16.1],
			"faces": {
				"north": {"uv": [8, 3.5, 9, 4], "texture": "#0"},
				"east": {"uv": [5.75, 3.5, 8, 4], "texture": "#0"},
				"south": {"uv": [11.25, 3.5, 12.25, 4], "texture": "#0"},
				"west": {"uv": [9, 3.5, 11.25, 4], "texture": "#0"},
				"up": {"uv": [9, 3.5, 8, 1.25], "texture": "#0"},
				"down": {"uv": [10, 1.25, 9, 3.5], "texture": "#0"}
			}
		},
		{
			"name": "handle",
			"from": [7, 0, 9],
			"to": [9, 3, 10],
			"rotation": {"angle": -22.5, "axis": "x", "origin": [8, 1.5, 8.5]},
			"faces": {
				"north": {"uv": [6, 0.25, 6.5, 1], "texture": "#0"},
				"east": {"uv": [5.75, 0.25, 6, 1], "texture": "#0"},
				"south": {"uv": [6.75, 0.25, 7.25, 1], "texture": "#0"},
				"west": {"uv": [6.5, 0.25, 6.75, 1], "texture": "#0"},
				"up": {"uv": [6.5, 0.25, 6, 0], "texture": "#0"},
				"down": {"uv": [7, 0, 6.5, 0.25], "texture": "#0"}
			}
		},
		{
			"name": "end",
			"from": [3.9, 0.9, 0.9],
			"to": [12.1, 8.1, 7.1],
			"faces": {
				"north": {"uv": [1.5, 5, 3.5, 6.75], "texture": "#0"},
				"east": {"uv": [0, 5, 1.5, 6.75], "texture": "#0"},
				"south": {"uv": [5, 5, 7, 6.75], "texture": "#0"},
				"west": {"uv": [3.5, 5, 5, 6.75], "texture": "#0"},
				"up": {"uv": [3.5, 5, 1.5, 3.5], "texture": "#0"},
				"down": {"uv": [5.5, 3.5, 3.5, 5], "texture": "#0"}
			}
		},
		{
			"name": "end",
			"from": [3.7, 0.7, 0.7],
			"to": [12.3, 8.3, 7.3],
			"faces": {
				"north": {"uv": [1.5, 1.5, 3.5, 3.25], "texture": "#0"},
				"east": {"uv": [0, 1.5, 1.5, 3.25], "texture": "#0"},
				"south": {"uv": [5, 1.5, 7, 3.25], "texture": "#0"},
				"west": {"uv": [3.5, 1.5, 5, 3.25], "texture": "#0"},
				"up": {"uv": [3.5, 1.5, 1.5, 0], "texture": "#0"},
				"down": {"uv": [5.5, 0, 3.5, 1.5], "texture": "#0"}
			}
		}
	],
	"gui_light": "front",
	"display": {
		"thirdperson_righthand": {
			"translation": [0, 5, 0.25]
		},
		"thirdperson_lefthand": {
			"translation": [-1, 5, 0]
		},
		"firstperson_righthand": {
			"rotation": [0, 4.5, 0],
			"translation": [3, 5, -8]
		},
		"firstperson_lefthand": {
			"rotation": [0, 4.5, 0],
			"translation": [3, 5, -8]
		},
		"ground": {
			"translation": [0, 4, 0]
		},
		"gui": {
			"rotation": [163.7, -55.44, 134.08],
			"translation": [-2.25, 2, 0],
			"scale": [1.2, 1.2, 1.2]
		},
		"fixed": {
			"rotation": [90, 0, 180],
			"translation": [-0.5, 0, -7]
		}
	}
}